<?xml version="1.0" encoding="UTF-8"?>
<!--
 This is a WordPress eXtended RSS file generated by WordPress as an export of your site.
 It contains information about your site's posts, pages, comments, categories, and other content.
 You may use this file to transfer that content from one site to another.
 This file is not intended to serve as a complete backup of your site.

 To import this information into a WordPress site follow these steps:
 1. Log in to that site as an administrator.
 2. Go to Tools: Import in the WordPress admin panel.
 3. Install the "WordPress" importer from the list.
 4. Activate & Run Importer.
 5. Upload this file using the form provided on that page.
 6. You will first be asked to map the authors in this export file to users
    on the site. For each author, you may choose to map to an
    existing user on the site or to create a new user.
 7. WordPress will then import each of the posts, pages, comments, categories, etc.
    contained in this file into your site.
-->
<!-- generator="WordPress.com" created="2022-03-23 01:08"-->
<rss version="2.0" xmlns:excerpt="http://wordpress.org/export/1.2/excerpt/" xmlns:content="http://purl.org/rss/1.0/modules/content/" xmlns:wfw="http://wellformedweb.org/CommentAPI/" xmlns:dc="http://purl.org/dc/elements/1.1/" xmlns:wp="http://wordpress.org/export/1.2/">
  <channel>
<title>idegraphx</title>
<link>https://idegraphx.wordpress.com</link>
<description> let us perfect your imagination</description>
<pubDate>Wed, 23 Mar 2022 01:08:43 +0000</pubDate>
<language>en</language>
<wp:wxr_version>1.2</wp:wxr_version>
<wp:base_site_url>http://wordpress.com/</wp:base_site_url>
<wp:base_blog_url>https://idegraphx.wordpress.com</wp:base_blog_url>
<wp:author>
  <wp:author_id>218440876</wp:author_id>
  <wp:author_login>idegraphx</wp:author_login>
  <wp:author_email>idegraphx@gmail.com</wp:author_email>
  <wp:author_display_name><![CDATA[ide graphx]]></wp:author_display_name>
  <wp:author_first_name><![CDATA[ide]]></wp:author_first_name>
  <wp:author_last_name><![CDATA[graphx]]></wp:author_last_name>
</wp:author>
<wp:category>
  <wp:term_id>1</wp:term_id>
  <wp:category_nicename>uncategorized</wp:category_nicename>
  <wp:category_parent/>
  <wp:cat_name><![CDATA[Uncategorized]]></wp:cat_name>
</wp:category>
<wp:term>
  <wp:term_id>1358</wp:term_id>
  <wp:term_taxonomy>nav_menu</wp:term_taxonomy>
  <wp:term_slug>main</wp:term_slug>
  <wp:term_name><![CDATA[Main]]></wp:term_name>
</wp:term>
<wp:term>
  <wp:term_id>1357</wp:term_id>
  <wp:term_taxonomy>nav_menu</wp:term_taxonomy>
  <wp:term_slug>primary</wp:term_slug>
  <wp:term_name><![CDATA[Primary]]></wp:term_name>
</wp:term>
<generator>http://wordpress.com/</generator>

<image>
	<url>https://idegraphx.files.wordpress.com/2022/03/cropped-plan-de-travail-1.png?w=32</url>
	<title>idegraphx</title>
	<link>https://idegraphx.wordpress.com</link>
	<width>32</width>
	<height>32</height>
</image> 
<item>
  <title><![CDATA[]]></title>
  <link>https://idegraphx.wordpress.com/2022/03/14/4/</link>
  <pubDate>Mon, 14 Mar 2022 21:07:51 +0000</pubDate>
  <dc:creator>idegraphx</dc:creator>
  <guid isPermaLink="false">https://idegraphx.wordpress.com/2022/03/14/4/</guid>
  <description/>
  <content:encoded><![CDATA[ ]]></content:encoded>
  <excerpt:encoded><![CDATA[]]></excerpt:encoded>
  <wp:post_id>4</wp:post_id>
  <wp:post_date>2022-03-14 21:07:51</wp:post_date>
  <wp:post_date_gmt>2022-03-14 21:07:51</wp:post_date_gmt>
  <wp:post_modified>2022-03-14 21:07:51</wp:post_modified>
  <wp:post_modified_gmt>2022-03-14 21:07:51</wp:post_modified_gmt>
  <wp:comment_status>closed</wp:comment_status>
  <wp:ping_status>closed</wp:ping_status>
  <wp:post_name>4</wp:post_name>
  <wp:status>publish</wp:status>
  <wp:post_parent>0</wp:post_parent>
  <wp:menu_order>0</wp:menu_order>
  <wp:post_type>nav_menu_item</wp:post_type>
  <wp:post_password/>
  <wp:is_sticky>0</wp:is_sticky>
  <category domain="nav_menu" nicename="primary"><![CDATA[Primary]]></category>
  <wp:postmeta>
    <wp:meta_key>_publicize_pending</wp:meta_key>
    <wp:meta_value><![CDATA[1]]></wp:meta_value>
  </wp:postmeta>
  <wp:postmeta>
    <wp:meta_key>_menu_item_type</wp:meta_key>
    <wp:meta_value><![CDATA[post_type]]></wp:meta_value>
  </wp:postmeta>
  <wp:postmeta>
    <wp:meta_key>_menu_item_menu_item_parent</wp:meta_key>
    <wp:meta_value><![CDATA[0]]></wp:meta_value>
  </wp:postmeta>
  <wp:postmeta>
    <wp:meta_key>_menu_item_object_id</wp:meta_key>
    <wp:meta_value><![CDATA[2]]></wp:meta_value>
  </wp:postmeta>
  <wp:postmeta>
    <wp:meta_key>_menu_item_object</wp:meta_key>
    <wp:meta_value><![CDATA[page]]></wp:meta_value>
  </wp:postmeta>
  <wp:postmeta>
    <wp:meta_key>_menu_item_target</wp:meta_key>
    <wp:meta_value><![CDATA[]]></wp:meta_value>
  </wp:postmeta>
  <wp:postmeta>
    <wp:meta_key>_menu_item_classes</wp:meta_key>
    <wp:meta_value><![CDATA[a:1:{i:0;s:0:"";}]]></wp:meta_value>
  </wp:postmeta>
  <wp:postmeta>
    <wp:meta_key>_menu_item_xfn</wp:meta_key>
    <wp:meta_value><![CDATA[]]></wp:meta_value>
  </wp:postmeta>
  <wp:postmeta>
    <wp:meta_key>_menu_item_url</wp:meta_key>
    <wp:meta_value><![CDATA[]]></wp:meta_value>
  </wp:postmeta>
  <wp:postmeta>
    <wp:meta_key>_menu_item_content</wp:meta_key>
    <wp:meta_value><![CDATA[]]></wp:meta_value>
  </wp:postmeta>
</item>
<item>
  <title><![CDATA[]]></title>
  <link>https://idegraphx.wordpress.com/2022/03/14/5/</link>
  <pubDate>Mon, 14 Mar 2022 21:07:51 +0000</pubDate>
  <dc:creator>idegraphx</dc:creator>
  <guid isPermaLink="false">https://idegraphx.wordpress.com/2022/03/14/5/</guid>
  <description/>
  <content:encoded><![CDATA[ ]]></content:encoded>
  <excerpt:encoded><![CDATA[]]></excerpt:encoded>
  <wp:post_id>5</wp:post_id>
  <wp:post_date>2022-03-14 21:07:51</wp:post_date>
  <wp:post_date_gmt>2022-03-14 21:07:51</wp:post_date_gmt>
  <wp:post_modified>2022-03-14 21:07:51</wp:post_modified>
  <wp:post_modified_gmt>2022-03-14 21:07:51</wp:post_modified_gmt>
  <wp:comment_status>closed</wp:comment_status>
  <wp:ping_status>closed</wp:ping_status>
  <wp:post_name>5</wp:post_name>
  <wp:status>publish</wp:status>
  <wp:post_parent>0</wp:post_parent>
  <wp:menu_order>1</wp:menu_order>
  <wp:post_type>nav_menu_item</wp:post_type>
  <wp:post_password/>
  <wp:is_sticky>0</wp:is_sticky>
  <category domain="nav_menu" nicename="main"><![CDATA[Main]]></category>
  <wp:postmeta>
    <wp:meta_key>_publicize_pending</wp:meta_key>
    <wp:meta_value><![CDATA[1]]></wp:meta_value>
  </wp:postmeta>
  <wp:postmeta>
    <wp:meta_key>_menu_item_type</wp:meta_key>
    <wp:meta_value><![CDATA[post_type]]></wp:meta_value>
  </wp:postmeta>
  <wp:postmeta>
    <wp:meta_key>_menu_item_menu_item_parent</wp:meta_key>
    <wp:meta_value><![CDATA[0]]></wp:meta_value>
  </wp:postmeta>
  <wp:postmeta>
    <wp:meta_key>_menu_item_object_id</wp:meta_key>
    <wp:meta_value><![CDATA[2]]></wp:meta_value>
  </wp:postmeta>
  <wp:postmeta>
    <wp:meta_key>_menu_item_object</wp:meta_key>
    <wp:meta_value><![CDATA[page]]></wp:meta_value>
  </wp:postmeta>
  <wp:postmeta>
    <wp:meta_key>_menu_item_target</wp:meta_key>
    <wp:meta_value><![CDATA[]]></wp:meta_value>
  </wp:postmeta>
  <wp:postmeta>
    <wp:meta_key>_menu_item_classes</wp:meta_key>
    <wp:meta_value><![CDATA[a:1:{i:0;s:0:"";}]]></wp:meta_value>
  </wp:postmeta>
  <wp:postmeta>
    <wp:meta_key>_menu_item_xfn</wp:meta_key>
    <wp:meta_value><![CDATA[]]></wp:meta_value>
  </wp:postmeta>
  <wp:postmeta>
    <wp:meta_key>_menu_item_url</wp:meta_key>
    <wp:meta_value><![CDATA[]]></wp:meta_value>
  </wp:postmeta>
  <wp:postmeta>
    <wp:meta_key>_menu_item_content</wp:meta_key>
    <wp:meta_value><![CDATA[]]></wp:meta_value>
  </wp:postmeta>
</item>
<item>
  <title><![CDATA[Custom Styles]]></title>
  <link>https://idegraphx.wordpress.com/2022/03/14/wp-global-styles-pub%2fargent/</link>
  <pubDate>Mon, 14 Mar 2022 21:25:47 +0000</pubDate>
  <dc:creator>idegraphx</dc:creator>
  <guid isPermaLink="false">https://idegraphx.wordpress.com/2022/03/14/wp-global-styles-pub%2fargent/</guid>
  <description/>
  <content:encoded><![CDATA[{"version":2,"isGlobalStylesUserThemeJSON":true}]]></content:encoded>
  <excerpt:encoded><![CDATA[]]></excerpt:encoded>
  <wp:post_id>6</wp:post_id>
  <wp:post_date>2022-03-14 14:25:47</wp:post_date>
  <wp:post_date_gmt>2022-03-14 21:25:47</wp:post_date_gmt>
  <wp:post_modified>2022-03-14 14:25:47</wp:post_modified>
  <wp:post_modified_gmt>2022-03-14 21:25:47</wp:post_modified_gmt>
  <wp:comment_status>closed</wp:comment_status>
  <wp:ping_status>closed</wp:ping_status>
  <wp:post_name>wp-global-styles-pub%2fargent</wp:post_name>
  <wp:status>publish</wp:status>
  <wp:post_parent>0</wp:post_parent>
  <wp:menu_order>0</wp:menu_order>
  <wp:post_type>wp_global_styles</wp:post_type>
  <wp:post_password/>
  <wp:is_sticky>0</wp:is_sticky>
  <category domain="wp_theme" nicename="pub-argent"><![CDATA[pub/argent]]></category>
  <wp:postmeta>
    <wp:meta_key>_publicize_pending</wp:meta_key>
    <wp:meta_value><![CDATA[1]]></wp:meta_value>
  </wp:postmeta>
</item>
<item>
  <title><![CDATA[Home]]></title>
  <link>https://idegraphx.wordpress.com/</link>
  <pubDate>Mon, 14 Mar 2022 21:02:51 +0000</pubDate>
  <dc:creator>idegraphx</dc:creator>
  <guid isPermaLink="false">https://idegraphx.wordpress.com/home/</guid>
  <description/>
  <content:encoded><![CDATA[<!-- wp:query {"queryId":8,"query":{"perPage":"10","pages":0,"offset":0,"postType":"post","categoryIds":[],"tagIds":[],"order":"desc","orderBy":"date","author":"","search":"","exclude":[],"sticky":"","inherit":false}} -->
<div class="wp-block-query"><!-- wp:post-template -->
<!-- wp:post-title {"isLink":true,"style":{"typography":{"fontSize":"64px","lineHeight":"1.2"}}} /-->

<!-- wp:post-featured-image {"isLink":true,"align":"wide"} /-->

<!-- wp:post-content /-->

<!-- wp:group {"layout":{"type":"flex"}} -->
<div class="wp-block-group"><!-- wp:post-date {"isLink":true,"style":{"typography":{"fontSize":"16px"}}} /-->

<!-- wp:post-terms {"term":"category","style":{"typography":{"fontSize":"16px"}}} /-->

<!-- wp:post-terms {"term":"post_tag","style":{"typography":{"fontSize":"16px"}}} /--></div>
<!-- /wp:group -->

<!-- wp:spacer {"height":120} -->
<div style="height:120px;" aria-hidden="true" class="wp-block-spacer"></div>
<!-- /wp:spacer -->
<!-- /wp:post-template -->

<!-- wp:query-pagination -->
<div class="wp-block-query-pagination"><!-- wp:query-pagination-previous /-->

<!-- wp:query-pagination-next /--></div>
<!-- /wp:query-pagination --></div>
<!-- /wp:query -->]]></content:encoded>
  <excerpt:encoded><![CDATA[]]></excerpt:encoded>
  <wp:post_id>2</wp:post_id>
  <wp:post_date>2022-03-14 21:02:51</wp:post_date>
  <wp:post_date_gmt>2022-03-14 21:02:51</wp:post_date_gmt>
  <wp:post_modified>2022-03-14 21:02:51</wp:post_modified>
  <wp:post_modified_gmt>2022-03-14 21:02:51</wp:post_modified_gmt>
  <wp:comment_status>closed</wp:comment_status>
  <wp:ping_status>closed</wp:ping_status>
  <wp:post_name>home</wp:post_name>
  <wp:status>publish</wp:status>
  <wp:post_parent>0</wp:post_parent>
  <wp:menu_order>0</wp:menu_order>
  <wp:post_type>page</wp:post_type>
  <wp:post_password/>
  <wp:is_sticky>0</wp:is_sticky>
  <wp:postmeta>
    <wp:meta_key>_headstart_post</wp:meta_key>
    <wp:meta_value><![CDATA[_hs_front_page]]></wp:meta_value>
  </wp:postmeta>
  <wp:postmeta>
    <wp:meta_key>sharing_disabled</wp:meta_key>
    <wp:meta_value><![CDATA[a:1:{i:0;N;}]]></wp:meta_value>
  </wp:postmeta>
  <wp:postmeta>
    <wp:meta_key>switch_like_status</wp:meta_key>
    <wp:meta_value><![CDATA[a:1:{i:0;N;}]]></wp:meta_value>
  </wp:postmeta>
  <wp:postmeta>
    <wp:meta_key>_starter_page_template</wp:meta_key>
    <wp:meta_value><![CDATA[blank]]></wp:meta_value>
  </wp:postmeta>
  <wp:postmeta>
    <wp:meta_key>_wpas_skip_all_services</wp:meta_key>
    <wp:meta_value><![CDATA[1]]></wp:meta_value>
  </wp:postmeta>
  <wp:postmeta>
    <wp:meta_key>_wp_page_template</wp:meta_key>
    <wp:meta_value><![CDATA[header-footer-only]]></wp:meta_value>
  </wp:postmeta>
  <wp:postmeta>
    <wp:meta_key>_publicize_pending</wp:meta_key>
    <wp:meta_value><![CDATA[1]]></wp:meta_value>
  </wp:postmeta>
  <wp:postmeta>
    <wp:meta_key>_checklist_post_type</wp:meta_key>
    <wp:meta_value><![CDATA[_hs_front_page]]></wp:meta_value>
  </wp:postmeta>
</item>
<item>
  <title><![CDATA[L’importance de l’identité visuelle pour votre entreprise]]></title>
  <link>https://idegraphx.wordpress.com/2022/03/14/hello-world/</link>
  <pubDate>Mon, 14 Mar 2022 21:02:50 +0000</pubDate>
  <dc:creator>idegraphx</dc:creator>
  <guid isPermaLink="false">https://idegraphx.wordpress.com/2022/03/14/hello-world/</guid>
  <description/>
  <content:encoded><![CDATA[<!-- wp:paragraph -->
<p>Opter pour une identité visuelle bien travaillée donnera de la force à votre entreprise. Cette forte identité vous permettra de vous différencier de la concurrence, de rassurer vos prospects en renvoyant une image de sérieux et de qualité, mais également de mieux cibler les personnes à qui vous souhaitez vous adresser. L’identité visuelle représente l’ensemble des éléments graphiques qui permettent d’identifier votre entreprise, de la rendre unique et de la différencier de la concurrence.</p>
<!-- /wp:paragraph -->

<!-- wp:heading -->
<h2 id="rassurer-vos-prospects-sur-la-qualite-de-vos-produits-et-de-vos-services">Rassurer vos prospects sur la qualité de vos produits et de vos services</h2>
<!-- /wp:heading -->

<!-- wp:paragraph -->
<p>L’image que vous véhiculez grâce à cette identité graphique joue un rôle important dans le développement et la réussite de votre entreprise.</p>
<!-- /wp:paragraph -->

<!-- wp:paragraph -->
<p>C’est pourquoi il est important que l’on ressente la personnalité de votre entreprise,&nbsp;les valeurs que vous souhaitez partager, et ce que vous faites à travers votre identité visuelle. Quoi qu’il en soit,&nbsp;le cerveau humain retient plus facilement une image graphique qu’un texte, d’où l’importance d’avoir une identité visuelle impactante qui marque les esprits.</p>
<!-- /wp:paragraph -->

<!-- wp:paragraph -->
<p>Une identité visuelle forte induit inconsciemment un certain niveau de qualité, c’est pourquoi il est important de travailler dessus afin de l’optimiser.</p>
<!-- /wp:paragraph -->

<!-- wp:paragraph -->
<p>Si l’offre d’une entreprise est médiocre, mais que son identité visuelle est bien travaillée, les prospects vont naturellement se tourner vers celle-ci plutôt qu’une autre.</p>
<!-- /wp:paragraph -->

<!-- wp:paragraph -->
<p>À l’inverse, l’offre peut être de très bonne qualité, mais l’entreprise peut paraître négligée si son identité visuelle n’est pas bien travaillée. Se doter d’une belle image de marque, d’une identité visuelle soignée et travaillée,&nbsp;valorise automatiquement la qualité des produits et des prestations proposées par l’entreprise.</p>
<!-- /wp:paragraph -->

<!-- wp:heading -->
<h2 id="mieux-cibler-vos-futurs-clients">Mieux cibler vos futurs clients</h2>
<!-- /wp:heading -->

<!-- wp:paragraph -->
<p>Afin de mieux toucher vos cibles, il est important que votre identité visuelle soit en cohérence avec votre positionnement sur le marché.</p>
<!-- /wp:paragraph -->

<!-- wp:paragraph -->
<p>Un prospect se sentira davantage concerné par une entreprise s’il s’identifie à une marque, car il se reconnaît dans les codes graphiques de celle-ci.</p>
<!-- /wp:paragraph -->

<!-- wp:paragraph -->
<p>Par exemple, un prospect ayant de faibles revenus ne sera pas du tout attiré et ne se sentira pas du tout concerné face à une marque qui a une identité visuelle avec des codes graphiques luxueux.</p>
<!-- /wp:paragraph -->

<!-- wp:paragraph -->
<p>Il assimilerait ces codes graphiques à une entreprise qui vend des produits ou des prestations trop chères pour lui (alors que ce n’est pas forcément le cas).</p>
<!-- /wp:paragraph -->

<!-- wp:paragraph -->
<p>L’identité visuelle de votre entreprise doit&nbsp;retranscrire graphiquement votre positionnement sur le marché, afin de mieux toucher les cibles que vous visez.</p>
<!-- /wp:paragraph -->

<!-- wp:paragraph -->
<p>Elles se reconnaîtront dans les codes graphiques de votre identité visuelle et seront&nbsp;naturellement attirées par votre entreprise.</p>
<!-- /wp:paragraph -->

<!-- wp:heading -->
<h2 id="se-demarquer-de-la-concurrence-et-etre-visible-par-vos-cibles">Se démarquer de la concurrence et être visible par vos cibles</h2>
<!-- /wp:heading -->

<!-- wp:paragraph -->
<p>Chaque jour, vos prospects voient des centaines et des centaines de publicités de différentes marques.</p>
<!-- /wp:paragraph -->

<!-- wp:paragraph -->
<p>Alors comment faire pour qu’il remarque la vôtre et deviennent vos clients ?</p>
<!-- /wp:paragraph -->

<!-- wp:paragraph -->
<p>Votre identité visuelle doit être forte, bien travaillée, en cohérence avec vos valeurs et l’image que vous souhaitez véhiculer, afin d’attirer l’attention de vos cibles et de les faire devenir vos clients.</p>
<!-- /wp:paragraph -->

<!-- wp:paragraph -->
<p>Il faut également&nbsp;faire preuve de visibilité pour que votre marque reste ancrée dans leurs esprits.</p>
<!-- /wp:paragraph -->

<!-- wp:paragraph -->
<p>Votre identité visuelle doit être unique.</p>
<!-- /wp:paragraph -->

<!-- wp:paragraph -->
<p>Elle doit&nbsp;retranscrire les valeurs de votre entreprise et l’image que vous souhaitez véhiculer&nbsp;à vos clients afin de se différencier de toute la concurrence qui est présente sur le marché.</p>
<!-- /wp:paragraph -->

<!-- wp:quote -->
<blockquote class="wp-block-quote"><p>Convaincus de l’intérêt de créer une réelle identité visuelle pour votre entreprise afin de renforcer son image et de la différencier de la<br>concurrence ? Nous vous accompagnons pour vous aider à construire votre charte graphique et vos différents <mark style="background-color:rgba(0, 0, 0, 0);" class="has-inline-color has-black-color">supports de communication graphique,</mark> selon vos valeurs et vos objectifs.</p></blockquote>
<!-- /wp:quote -->

<!-- wp:paragraph -->
<p>Pour votre création de logo et d’identité visuelle</p>
<!-- /wp:paragraph -->

<!-- wp:paragraph -->
<p>Faites appel à des professionnels</p>
<!-- /wp:paragraph -->

<!-- wp:paragraph -->
<p><a href="https://www.blogger.com/blog/post/edit/247945781433994490/6337145203327707059#">site de référence</a></p>
<!-- /wp:paragraph -->]]></content:encoded>
  <excerpt:encoded><![CDATA[]]></excerpt:encoded>
  <wp:post_id>3</wp:post_id>
  <wp:post_date>2022-03-14 21:02:50</wp:post_date>
  <wp:post_date_gmt>2022-03-14 21:02:50</wp:post_date_gmt>
  <wp:post_modified>2022-03-22 18:03:11</wp:post_modified>
  <wp:post_modified_gmt>2022-03-23 01:03:11</wp:post_modified_gmt>
  <wp:comment_status>open</wp:comment_status>
  <wp:ping_status>open</wp:ping_status>
  <wp:post_name>hello-world</wp:post_name>
  <wp:status>publish</wp:status>
  <wp:post_parent>0</wp:post_parent>
  <wp:menu_order>0</wp:menu_order>
  <wp:post_type>post</wp:post_type>
  <wp:post_password/>
  <wp:is_sticky>0</wp:is_sticky>
  <category domain="category" nicename="uncategorized"><![CDATA[Uncategorized]]></category>
  <wp:postmeta>
    <wp:meta_key>sharing_disabled</wp:meta_key>
    <wp:meta_value><![CDATA[a:1:{i:0;N;}]]></wp:meta_value>
  </wp:postmeta>
  <wp:postmeta>
    <wp:meta_key>switch_like_status</wp:meta_key>
    <wp:meta_value><![CDATA[a:1:{i:0;N;}]]></wp:meta_value>
  </wp:postmeta>
  <wp:postmeta>
    <wp:meta_key>_starter_page_template</wp:meta_key>
    <wp:meta_value><![CDATA[]]></wp:meta_value>
  </wp:postmeta>
  <wp:postmeta>
    <wp:meta_key>_last_editor_used_jetpack</wp:meta_key>
    <wp:meta_value><![CDATA[block-editor]]></wp:meta_value>
  </wp:postmeta>
  <wp:postmeta>
    <wp:meta_key>_publicize_job_id</wp:meta_key>
    <wp:meta_value><![CDATA[70504616336]]></wp:meta_value>
  </wp:postmeta>
</item>
<item>
  <title><![CDATA[idegraphx]]></title>
  <link>https://idegraphx.wordpress.com/plan-de-travail-1/</link>
  <pubDate>Tue, 15 Mar 2022 00:42:14 +0000</pubDate>
  <dc:creator>idegraphx</dc:creator>
  <guid isPermaLink="false">http://idegraphx.files.wordpress.com/2022/03/plan-de-travail-1.png</guid>
  <description/>
  <content:encoded><![CDATA[]]></content:encoded>
  <excerpt:encoded><![CDATA[]]></excerpt:encoded>
  <wp:post_id>12</wp:post_id>
  <wp:post_date>2022-03-14 17:42:14</wp:post_date>
  <wp:post_date_gmt>2022-03-15 00:42:14</wp:post_date_gmt>
  <wp:post_modified>2022-03-14 17:42:34</wp:post_modified>
  <wp:post_modified_gmt>2022-03-15 00:42:34</wp:post_modified_gmt>
  <wp:comment_status>open</wp:comment_status>
  <wp:ping_status>closed</wp:ping_status>
  <wp:post_name>plan-de-travail-1</wp:post_name>
  <wp:status>inherit</wp:status>
  <wp:post_parent>0</wp:post_parent>
  <wp:menu_order>0</wp:menu_order>
  <wp:post_type>attachment</wp:post_type>
  <wp:post_password/>
  <wp:is_sticky>0</wp:is_sticky>
  <wp:attachment_url>https://idegraphx.files.wordpress.com/2022/03/plan-de-travail-1.png</wp:attachment_url>
  <wp:postmeta>
    <wp:meta_key>_wp_attached_file</wp:meta_key>
    <wp:meta_value><![CDATA[/home/wpcom/public_html/wp-content/blogs.dir/efe/203922469/files/2022/03/plan-de-travail-1.png]]></wp:meta_value>
  </wp:postmeta>
  <wp:postmeta>
    <wp:meta_key>_wp_attachment_metadata</wp:meta_key>
    <wp:meta_value><![CDATA[a:6:{s:5:"width";i:239;s:6:"height";i:156;s:4:"file";s:94:"/home/wpcom/public_html/wp-content/blogs.dir/efe/203922469/files/2022/03/plan-de-travail-1.png";s:5:"sizes";a:0:{}s:10:"image_meta";a:12:{s:8:"aperture";s:1:"0";s:6:"credit";s:0:"";s:6:"camera";s:0:"";s:7:"caption";s:0:"";s:17:"created_timestamp";s:1:"0";s:9:"copyright";s:0:"";s:12:"focal_length";s:1:"0";s:3:"iso";s:1:"0";s:13:"shutter_speed";s:1:"0";s:5:"title";s:0:"";s:11:"orientation";s:1:"0";s:8:"keywords";a:0:{}}s:8:"filesize";i:3206;}]]></wp:meta_value>
  </wp:postmeta>
</item>
<item>
  <title><![CDATA[cropped-plan-de-travail-1.png]]></title>
  <link>https://idegraphx.wordpress.com/cropped-plan-de-travail-1-png/</link>
  <pubDate>Tue, 15 Mar 2022 00:42:46 +0000</pubDate>
  <dc:creator>idegraphx</dc:creator>
  <guid isPermaLink="false">https://idegraphx.files.wordpress.com/2022/03/cropped-plan-de-travail-1.png</guid>
  <description/>
  <content:encoded><![CDATA[https://idegraphx.files.wordpress.com/2022/03/cropped-plan-de-travail-1.png]]></content:encoded>
  <excerpt:encoded><![CDATA[]]></excerpt:encoded>
  <wp:post_id>13</wp:post_id>
  <wp:post_date>2022-03-14 17:42:46</wp:post_date>
  <wp:post_date_gmt>2022-03-15 00:42:46</wp:post_date_gmt>
  <wp:post_modified>2022-03-14 17:42:46</wp:post_modified>
  <wp:post_modified_gmt>2022-03-15 00:42:46</wp:post_modified_gmt>
  <wp:comment_status>open</wp:comment_status>
  <wp:ping_status>closed</wp:ping_status>
  <wp:post_name>cropped-plan-de-travail-1-png</wp:post_name>
  <wp:status>inherit</wp:status>
  <wp:post_parent>0</wp:post_parent>
  <wp:menu_order>0</wp:menu_order>
  <wp:post_type>attachment</wp:post_type>
  <wp:post_password/>
  <wp:is_sticky>0</wp:is_sticky>
  <wp:attachment_url>https://idegraphx.files.wordpress.com/2022/03/cropped-plan-de-travail-1.png</wp:attachment_url>
  <wp:postmeta>
    <wp:meta_key>_wp_attached_file</wp:meta_key>
    <wp:meta_value><![CDATA[/home/wpcom/public_html/wp-content/blogs.dir/efe/203922469/files/2022/03/cropped-plan-de-travail-1.png]]></wp:meta_value>
  </wp:postmeta>
  <wp:postmeta>
    <wp:meta_key>_wp_attachment_context</wp:meta_key>
    <wp:meta_value><![CDATA[site-icon]]></wp:meta_value>
  </wp:postmeta>
  <wp:postmeta>
    <wp:meta_key>_wp_attachment_metadata</wp:meta_key>
    <wp:meta_value><![CDATA[a:6:{s:5:"width";i:512;s:6:"height";i:512;s:4:"file";s:102:"/home/wpcom/public_html/wp-content/blogs.dir/efe/203922469/files/2022/03/cropped-plan-de-travail-1.png";s:5:"sizes";a:4:{s:13:"site_icon-270";a:4:{s:4:"file";s:39:"cropped-plan-de-travail-1-270x270-1.png";s:5:"width";i:270;s:6:"height";i:270;s:9:"mime-type";s:9:"image/png";}s:13:"site_icon-192";a:4:{s:4:"file";s:39:"cropped-plan-de-travail-1-192x192-1.png";s:5:"width";i:192;s:6:"height";i:192;s:9:"mime-type";s:9:"image/png";}s:13:"site_icon-180";a:4:{s:4:"file";s:39:"cropped-plan-de-travail-1-180x180-1.png";s:5:"width";i:180;s:6:"height";i:180;s:9:"mime-type";s:9:"image/png";}s:12:"site_icon-32";a:4:{s:4:"file";s:37:"cropped-plan-de-travail-1-32x32-1.png";s:5:"width";i:32;s:6:"height";i:32;s:9:"mime-type";s:9:"image/png";}}s:10:"image_meta";a:12:{s:8:"aperture";s:1:"0";s:6:"credit";s:0:"";s:6:"camera";s:0:"";s:7:"caption";s:0:"";s:17:"created_timestamp";s:1:"0";s:9:"copyright";s:0:"";s:12:"focal_length";s:1:"0";s:3:"iso";s:1:"0";s:13:"shutter_speed";s:1:"0";s:5:"title";s:0:"";s:11:"orientation";s:1:"0";s:8:"keywords";a:0:{}}s:8:"filesize";i:18036;}]]></wp:meta_value>
  </wp:postmeta>
</item>
<item>
  <title><![CDATA[Mockups Design]]></title>
  <link>https://idegraphx.wordpress.com/mockups-design/</link>
  <pubDate>Tue, 22 Mar 2022 16:37:01 +0000</pubDate>
  <dc:creator>idegraphx</dc:creator>
  <guid isPermaLink="false">http://idegraphx.files.wordpress.com/2022/03/stationery_mockup_ok_1-copie.jpg</guid>
  <description/>
  <content:encoded><![CDATA[]]></content:encoded>
  <excerpt:encoded><![CDATA[mockups-design.com]]></excerpt:encoded>
  <wp:post_id>19</wp:post_id>
  <wp:post_date>2022-03-22 09:37:01</wp:post_date>
  <wp:post_date_gmt>2022-03-22 16:37:01</wp:post_date_gmt>
  <wp:post_modified>2022-03-22 09:37:01</wp:post_modified>
  <wp:post_modified_gmt>2022-03-22 16:37:01</wp:post_modified_gmt>
  <wp:comment_status>open</wp:comment_status>
  <wp:ping_status>closed</wp:ping_status>
  <wp:post_name>mockups-design</wp:post_name>
  <wp:status>inherit</wp:status>
  <wp:post_parent>0</wp:post_parent>
  <wp:menu_order>0</wp:menu_order>
  <wp:post_type>attachment</wp:post_type>
  <wp:post_password/>
  <wp:is_sticky>0</wp:is_sticky>
  <wp:attachment_url>https://idegraphx.files.wordpress.com/2022/03/stationery_mockup_ok_1-copie.jpg</wp:attachment_url>
  <wp:postmeta>
    <wp:meta_key>_wp_attached_file</wp:meta_key>
    <wp:meta_value><![CDATA[/home/wpcom/public_html/wp-content/blogs.dir/efe/203922469/files/2022/03/stationery_mockup_ok_1-copie.jpg]]></wp:meta_value>
  </wp:postmeta>
  <wp:postmeta>
    <wp:meta_key>_wp_attachment_metadata</wp:meta_key>
    <wp:meta_value><![CDATA[a:6:{s:5:"width";i:3952;s:6:"height";i:2384;s:4:"file";s:105:"/home/wpcom/public_html/wp-content/blogs.dir/efe/203922469/files/2022/03/stationery_mockup_ok_1-copie.jpg";s:5:"sizes";a:0:{}s:10:"image_meta";a:12:{s:8:"aperture";s:1:"0";s:6:"credit";s:14:"Mockups Design";s:6:"camera";s:0:"";s:7:"caption";s:18:"mockups-design.com";s:17:"created_timestamp";s:1:"0";s:9:"copyright";s:0:"";s:12:"focal_length";s:1:"0";s:3:"iso";s:1:"0";s:13:"shutter_speed";s:1:"0";s:5:"title";s:14:"Mockups Design";s:11:"orientation";s:1:"1";s:8:"keywords";a:5:{i:0;s:7:"mockups";i:1;s:3:"psd";i:2;s:8:"template";i:3;s:4:"free";i:4;s:9:"photoshop";}}s:8:"filesize";i:1282883;}]]></wp:meta_value>
  </wp:postmeta>
</item>
<item>
  <title><![CDATA[Sans titre - 1]]></title>
  <link>https://idegraphx.wordpress.com/sans-titre-1/</link>
  <pubDate>Tue, 22 Mar 2022 16:52:29 +0000</pubDate>
  <dc:creator>idegraphx</dc:creator>
  <guid isPermaLink="false">http://idegraphx.files.wordpress.com/2022/03/sans-titre-1.jpg</guid>
  <description/>
  <content:encoded><![CDATA[]]></content:encoded>
  <excerpt:encoded><![CDATA[]]></excerpt:encoded>
  <wp:post_id>21</wp:post_id>
  <wp:post_date>2022-03-22 09:52:29</wp:post_date>
  <wp:post_date_gmt>2022-03-22 16:52:29</wp:post_date_gmt>
  <wp:post_modified>2022-03-22 09:52:29</wp:post_modified>
  <wp:post_modified_gmt>2022-03-22 16:52:29</wp:post_modified_gmt>
  <wp:comment_status>open</wp:comment_status>
  <wp:ping_status>closed</wp:ping_status>
  <wp:post_name>sans-titre-1</wp:post_name>
  <wp:status>inherit</wp:status>
  <wp:post_parent>0</wp:post_parent>
  <wp:menu_order>0</wp:menu_order>
  <wp:post_type>attachment</wp:post_type>
  <wp:post_password/>
  <wp:is_sticky>0</wp:is_sticky>
  <wp:attachment_url>https://idegraphx.files.wordpress.com/2022/03/sans-titre-1.jpg</wp:attachment_url>
  <wp:postmeta>
    <wp:meta_key>_wp_attached_file</wp:meta_key>
    <wp:meta_value><![CDATA[/home/wpcom/public_html/wp-content/blogs.dir/efe/203922469/files/2022/03/sans-titre-1.jpg]]></wp:meta_value>
  </wp:postmeta>
  <wp:postmeta>
    <wp:meta_key>_wp_attachment_metadata</wp:meta_key>
    <wp:meta_value><![CDATA[a:6:{s:5:"width";i:993;s:6:"height";i:650;s:4:"file";s:89:"/home/wpcom/public_html/wp-content/blogs.dir/efe/203922469/files/2022/03/sans-titre-1.jpg";s:5:"sizes";a:0:{}s:10:"image_meta";a:12:{s:8:"aperture";s:1:"0";s:6:"credit";s:0:"";s:6:"camera";s:0:"";s:7:"caption";s:0:"";s:17:"created_timestamp";s:1:"0";s:9:"copyright";s:0:"";s:12:"focal_length";s:1:"0";s:3:"iso";s:1:"0";s:13:"shutter_speed";s:1:"0";s:5:"title";s:0:"";s:11:"orientation";s:1:"0";s:8:"keywords";a:0:{}}s:8:"filesize";i:880839;}]]></wp:meta_value>
  </wp:postmeta>
</item>
<item>
  <title><![CDATA[cropped-sans-titre-1.jpg]]></title>
  <link>https://idegraphx.wordpress.com/cropped-sans-titre-1-jpg/</link>
  <pubDate>Tue, 22 Mar 2022 16:54:27 +0000</pubDate>
  <dc:creator>idegraphx</dc:creator>
  <guid isPermaLink="false">https://idegraphx.files.wordpress.com/2022/03/cropped-sans-titre-1.jpg</guid>
  <description/>
  <content:encoded><![CDATA[https://idegraphx.files.wordpress.com/2022/03/cropped-sans-titre-1.jpg]]></content:encoded>
  <excerpt:encoded><![CDATA[]]></excerpt:encoded>
  <wp:post_id>22</wp:post_id>
  <wp:post_date>2022-03-22 09:54:27</wp:post_date>
  <wp:post_date_gmt>2022-03-22 16:54:27</wp:post_date_gmt>
  <wp:post_modified>2022-03-22 09:54:27</wp:post_modified>
  <wp:post_modified_gmt>2022-03-22 16:54:27</wp:post_modified_gmt>
  <wp:comment_status>open</wp:comment_status>
  <wp:ping_status>closed</wp:ping_status>
  <wp:post_name>cropped-sans-titre-1-jpg</wp:post_name>
  <wp:status>inherit</wp:status>
  <wp:post_parent>0</wp:post_parent>
  <wp:menu_order>0</wp:menu_order>
  <wp:post_type>attachment</wp:post_type>
  <wp:post_password/>
  <wp:is_sticky>0</wp:is_sticky>
  <wp:attachment_url>https://idegraphx.files.wordpress.com/2022/03/cropped-sans-titre-1.jpg</wp:attachment_url>
  <wp:postmeta>
    <wp:meta_key>_wp_attached_file</wp:meta_key>
    <wp:meta_value><![CDATA[/home/wpcom/public_html/wp-content/blogs.dir/efe/203922469/files/2022/03/cropped-sans-titre-1.jpg]]></wp:meta_value>
  </wp:postmeta>
  <wp:postmeta>
    <wp:meta_key>_wp_attachment_context</wp:meta_key>
    <wp:meta_value><![CDATA[site-icon]]></wp:meta_value>
  </wp:postmeta>
  <wp:postmeta>
    <wp:meta_key>_wp_attachment_metadata</wp:meta_key>
    <wp:meta_value><![CDATA[a:6:{s:5:"width";i:512;s:6:"height";i:512;s:4:"file";s:97:"/home/wpcom/public_html/wp-content/blogs.dir/efe/203922469/files/2022/03/cropped-sans-titre-1.jpg";s:5:"sizes";a:4:{s:13:"site_icon-270";a:4:{s:4:"file";s:34:"cropped-sans-titre-1-270x270-1.jpg";s:5:"width";i:270;s:6:"height";i:270;s:9:"mime-type";s:10:"image/jpeg";}s:13:"site_icon-192";a:4:{s:4:"file";s:34:"cropped-sans-titre-1-192x192-1.jpg";s:5:"width";i:192;s:6:"height";i:192;s:9:"mime-type";s:10:"image/jpeg";}s:13:"site_icon-180";a:4:{s:4:"file";s:34:"cropped-sans-titre-1-180x180-1.jpg";s:5:"width";i:180;s:6:"height";i:180;s:9:"mime-type";s:10:"image/jpeg";}s:12:"site_icon-32";a:4:{s:4:"file";s:32:"cropped-sans-titre-1-32x32-1.jpg";s:5:"width";i:32;s:6:"height";i:32;s:9:"mime-type";s:10:"image/jpeg";}}s:10:"image_meta";a:12:{s:8:"aperture";s:1:"0";s:6:"credit";s:0:"";s:6:"camera";s:0:"";s:7:"caption";s:0:"";s:17:"created_timestamp";s:1:"0";s:9:"copyright";s:0:"";s:12:"focal_length";s:1:"0";s:3:"iso";s:1:"0";s:13:"shutter_speed";s:1:"0";s:5:"title";s:0:"";s:11:"orientation";s:1:"0";s:8:"keywords";a:0:{}}s:8:"filesize";i:15756;}]]></wp:meta_value>
  </wp:postmeta>
</item>
  </channel>
</rss>
